{
  "fields": {
    "province": "KALIMANTAN SELATAN",
    "selection_type": "Reguler",
    "school_name": "SMK NEGERI 5 BANJARMASIN",
    "school_code": "30304286",
    "program": "Desain Pemodelan dan Informasi Bangunan",
    "data_status": "Sementara",
    "selection_area": "Prov. Kalimantan Selatan",
    "result_date": "26 Juni 2024 16:16 WITA",
    "selection_date": "24-26 Jun 2024",
    "candidates": [
      {
        "no_urut": "1",
        "no_daftar": "486100480027001",
        "name": "ZUHAIRI SHAUKAT ASLAM",
        "pilihan": "1",
        "nilai_akhir": "87.64",
        "usia": "15 th 6 bl 5",
        "tanggal_ujian": "24 Jun 08:55"
      },
      {
        "no_urut": "2",
        "no_daftar": "486100480162371",
        "name": "NAILA RAMADHANI",
        "pilihan": "1",
        "nilai_akhir": "86.75",
        "usia": "14 th 10 bl 5",
        "tanggal_ujian": "25 Jun 10:03"
      },
      {
        "no_urut": "3",
        "no_daftar": "486100480290221",
        "name": "NADYA SHAFWAH FAISAL",
        "pilihan": "1",
        "nilai_akhir": "85.38",
        "usia": "15 th 10 bl 20",
        "tanggal_ujian": "26 Jun 13:38"
      },
      {
        "no_urut": "4",
        "no_daftar": "486100480298372",
        "name": "MUHAMMAD BAYU KURNIAWAN",
        "pilihan": "1",
        "nilai_akhir": "85.14",
        "usia": "15 th 10 bl 12",
        "tanggal_ujian": "26 Jun 15:15"
      },
      {
        "no_urut": "5",
        "no_daftar": "486100480088391",
        "name": "NUR ASYIFA",
        "pilihan": "1",
        "nilai_akhir": "84.95",
        "usia": "14 th 11 bl 22",
        "tanggal_ujian": "24 Jun 12:41"
      },
      {
        "no_urut": "6",
        "no_daftar": "486100480194581",
        "name": "MUHAMMAD SUBHAN",
        "pilihan": "1",
        "nilai_akhir": "84.40",
        "usia": "15 th 10 bl 9",
        "tanggal_ujian": "25 Jun 11:47"
      },
      {
        "no_urut": "7",
        "no_daftar": "486100480292031",
        "name": "CAHAYA",
        "pilihan": "1",
        "nilai_akhir": "84.14",
        "usia": "14 th 11 bl 16",
        "tanggal_ujian": "26 Jun 13:34"
      },
      {
        "no_urut": "8",
        "no_daftar": "486100480208541",
        "name": "ANNISA HUMAIRA NAJMI",
        "pilihan": "1",
        "nilai_akhir": "84.05",
        "usia": "15 th 2 bl 16",
        "tanggal_ujian": "25 Jun 13:08"
      },
      {
        "no_urut": "9",
        "no_daftar": "486100480070691",
        "name": "NURUL MAULIDA",
        "pilihan": "1",
        "nilai_akhir": "83.82",
        "usia": "15 th 3 bl 14",
        "tanggal_ujian": "24 Jun 12:09"
      },
      {
        "no_urut": "10",
        "no_daftar": "486100480212101",
        "name": "MUHAMMAD SAUD AZHAR",
        "pilihan": "1",
        "nilai_akhir": "83.72",
        "usia": "15 th 1 bl 5",
        "tanggal_ujian": "25 Jun 12:38"
      },
      {
        "no_urut": "11",
        "no_daftar": "486100480281761",
        "nama": "RAHMA AMALIA",
        "pilihan": "1",
        "nilai_akhir": "83.71",
        "usia": "16 th 9 bl 20",
        "waktu": "26 Ju hr 11:40"
      },
      {
        "no_urut": "12 23",
        "no_daftar": "486100480272401",
        "nama": "FACHRI RIZANI",
        "pilihan": "1",
        "nilai_akhir": "83.38",
        "usia": "15 th 6 bl 2",
        "waktu": "26 Ju hr 11:30"
      },
      {
        "no_urut": "13",
        "no_daftar": "486100480252471",
        "nama": "MUHAMMAD RIZKI AKBARI",
        "pilihan": "1",
        "nilai_akhir": "83.28",
        "usia": "15 th 3 bl 23",
        "waktu": "26 Ju hr 09:58"
      },
      {
        "no_urut": "14",
        "no_daftar": "486100480042091",
        "nama": "ACHMAD RIDHA MAULANA",
        "pilihan": "1",
        "nilai_akhir": "82.96",
        "usia": "15 th 6 bl 23",
        "waktu": "24 Ju hr 09:44"
      },
      {
        "no_urut": "15",
        "no_daftar": "486100480075381",
        "nama": "MUHAMMAD SYAUQY HABIBY",
        "pilihan": "1",
        "nilai_akhir": "82.77",
        "usia": "15 th 5 bl 23",
        "waktu": "24 Ju hr 12:34"
      },
      {
        "no_urut": "16 16",
        "no_daftar": "486100480050501",
        "nama": "ALZANRA NURVIA SALUM RIPARDI",
        "pilihan": "1",
        "nilai_akhir": "82.59",
        "usia": "15 th 24 hr",
        "waktu": "24 Ju hr 11:18"
      },
      {
        "no_urut": "75 17",
        "no_daftar": "486100480141152",
        "nama": "AULIA RAHMI",
        "pilihan": "1",
        "nilai_akhir": "82.54",
        "usia": "15 th 5 bl 9",
        "waktu": "26 Ju hr 09:11"
      },
      {
        "no_urut": "18",
        "no_daftar": "486100480293081",
        "nama": "ANDIKA SAPUTRA",
        "pilihan": "1",
        "nilai_akhir": "82.53",
        "usia": "15 th 5 bl 5",
        "waktu": "26 Ju hr 13:12"
      },
      {
        "no_urut": "19",
        "no_daftar": "486100480145581",
        "nama": "VERA FEBRIANTY",
        "pilihan": "1",
        "nilai_akhir": "82.31",
        "usia": "14 th 7 bl 9",
        "waktu": "25 Ju hr 09:35"
      },
      {
        "no_urut": "20",
        "no_daftar": "486100480281261",
        "nama": "RINDU PUTRI HERIYADI",
        "pilihan": "1",
        "nilai_akhir": "82.06",
        "usia": "15 th 6 bl 16",
        "waktu": "26 Ju hr 11:39"
      },
      {
        "no_urut": "21 21",
        "no_daftar": "486100480127871",
        "nama": "GIAT PRIMA YOGA",
        "pilihan": "1",
        "nilai_akhir": "81.88",
        "usia": "17 th 4 bl 1",
        "waktu": "25 Ju hr 08:23"
      },
      {
        "no_urut": "22",
        "no_daftar": "486100480129451",
        "nama": "M. YUSRI BAIHAKI",
        "pilihan": "1",
        "nilai_akhir": "81.69",
        "usia": "15 th 3 bl 5",
        "waktu": "25 Ju hr 08:33"
      },
      {
        "no_urut": "23",
        "no_daftar": "486100480272072",
        "nama": "AHDIAN NOOR HAFIZI",
        "pilihan": "1",
        "nilai_akhir": "81.64",
        "usia": "15 th 6 bl 16",
        "waktu": "26 Ju hr 11:30"
      },
      {
        "no_urut": "24",
        "no_daftar": "486100480127941",
        "nama": "MUHAMMAD NAFARIN",
        "pilihan": "1",
        "nilai_akhir": "81.64",
        "usia": "15 th 5 bl",
        "waktu": "25 Ju hr 08:13"
      },
      {
        "no_urut": "25",
        "no_daftar": "486100480290581",
        "nama": "AHMAD SAIFULLAH",
        "pilihan": "1",
        "nilai_akhir": "81.55",
        "usia": "15 th 4 bl 3",
        "waktu": "26 Ju hr 12:51"
      },
      {
        "no_urut": "26",
        "no_daftar": "486100480298832",
        "nama": "JULIANA",
        "pilihan": "1",
        "nilai_akhir": "81.52",
        "usia": "14 th 11 bl 4",
        "waktu": "26 Ju hr 14:07"
      },
      {
        "no_urut": "27",
        "no_daftar": "486100480291651",
        "nama": "AN NABIL ADHA SURYA PRATAMA",
        "pilihan": "1",
        "nilai_akhir": "81.42",
        "usia": "15 th 6 bl 24",
        "waktu": "26 Ju hr 13:07"
      },
      {
        "no_urut": "28",
        "no_daftar": "486100480259893",
        "nama": "YULIE AGUSTINA",
        "pilihan": "1",
        "nilai_akhir": "81.31",
        "usia": "14 th 10 bl 3",
        "waktu": "26 Ju hr 10:14"
      },
      {
        "no_urut": "29",
        "no_daftar": "486100480300381",
        "nama": "MUHAMMAD ALFIAN",
        "pilihan": "1",
        "nilai_akhir": "81.20",
        "usia": "14 th 7 bl 13",
        "waktu": "26 Jul 14:35"
      },
      {
        "no_urut": "30",
        "no_daftar": "486100480300611",
        "nama": "MUHAMMAD MEY SANDI",
        "pilihan": "1",
        "nilai_akhir": "81.19",
        "usia": "15 th 1 bl 13",
        "waktu": "26 Jul 15:00"
      },
      {
        "no_urut": "31",
        "no_daftar": "486100480103072",
        "nama": "MUHAMAT FAHREZA",
        "pilihan": "1",
        "nilai_akhir": "80.76",
        "usia": "15 th 1 bl 8",
        "waktu": "24 Jul 15:45"
      },
      {
        "no_urut": "32",
        "no_daftar": "486100480288621",
        "nama": "M. IHSAN AL- AZHAR",
        "pilihan": "1",
        "nilai_akhir": "80.45",
        "usia": "16 th 2 bl 27",
        "waktu": "26 Jul 12:40"
      },
      {
        "no_urut": "33",
        "no_daftar": "486100480291662",
        "nama": "M. ADI JULIAN FADILLAH",
        "pilihan": "1",
        "nilai_akhir": "80.40",
        "usia": "15 th 11 bl 7",
        "waktu": "26 Jul 13:10"
      },
      {
        "no_urut": "34",
        "no_daftar": "486100480254241",
        "nama": "BIMO SATRIO HUTOMO",
        "pilihan": "1",
        "nilai_akhir": "80.38",
        "usia": "15th 13 hr",
        "waktu": "26 Jul 10:00"
      },
      {
        "no_urut": "35",
        "no_daftar": "486100480048921",
        "nama": "M. HENDRI PERMANA",
        "pilihan": "1",
        "nilai_akhir": "80.28",
        "usia": "17th 1 bl",
        "waktu": "24 Jul 08:44"
      },
      {
        "no_urut": "36",
        "no_daftar": "486100480291442",
        "nama": "MUHAMMAD JURRA ESA GANI",
        "pilihan": "1",
        "nilai_akhir": "80.25",
        "usia": "15 th 11 bl 28 hr",
        "waktu": "26 Jul 13:13"
      },
      {
        "no_urut": "37",
        "no_daftar": "486100480215821",
        "nama": "MUHAMMAD RIFKI",
        "pilihan": "1",
        "nilai_akhir": "80.20",
        "usia": "15 th 8 bl 19 hr",
        "waktu": "25 Jul 14:47"
      },
      {
        "no_urut": "38",
        "no_daftar": "486100480299571",
        "nama": "MUHAMMAD MALDY SILMY",
        "pilihan": "1",
        "nilai_akhir": "80.06",
        "usia": "17 th 24 hr",
        "waktu": "26 Jul 15:26"
      },
      {
        "no_urut": "39",
        "no_daftar": "486100480290311",
        "nama": "SATRIA RAMADAN",
        "pilihan": "1",
        "nilai_akhir": "79.89",
        "usia": "17 th 8 bl 19 hr",
        "waktu": "13:09"
      },
      {
        "no_urut": "40",
        "no_daftar": "486100480087801",
        "nama": "M HENDRI RAMADHANI",
        "pilihan": "1",
        "nilai_akhir": "79.40",
        "usia": "16 th 8 bl 25 hr",
        "waktu": "24 Jul 12:55"
      },
      {
        "no_urut": "41 11",
        "no_daftar": "486100480010971",
        "nama": "VANESA",
        "pilihan": "1",
        "nilai_akhir": "79.40",
        "usia": "16 th 4 bl 28 hr",
        "waktu": "24 Jul 08:40"
      },
      {
        "no_urut": "42 20",
        "no_daftar": "486100480298971",
        "nama": "ALIF NUGRAHA",
        "pilihan": "1",
        "nilai_akhir": "79.33",
        "usia": "15 th 5 bl 25 hr",
        "waktu": "26 Jul 15:33"
      },
      {
        "no_urut": "43 23",
        "no_daftar": "486100480289521",
        "nama": "MUHAMMAD FAKHRI",
        "pilihan": "1",
        "nilai_akhir": "79.23",
        "usia": "15 th 2 bl 23 hr",
        "waktu": "26 Jul 12:31"
      },
      {
        "no_urut": "44",
        "no_daftar": "486100480252142",
        "nama": "M. RAMADANI",
        "pilihan": "1",
        "nilai_akhir": "79.07",
        "usia": "15 th 9 bl 4 hr",
        "waktu": "26 Jul 09: 3€"
      },
      {
        "no_urut": "45",
        "no_daftar": "486100480275093",
        "nama": "ALIF TIRTANA",
        "pilihan": "1",
        "nilai_akhir": "79.05",
        "usia": "15 th 3 bl 27 hr",
        "waktu": "26 Jul 11:16"
      },
      {
        "no_urut": "46",
        "no_daftar": "486100480298192",
        "nama": "MUHAMMAD RIDWAN JUPANI",
        "pilihan": "1",
        "nilai_akhir": "78.80",
        "usia": "15 th 1 bl 10 hr",
        "waktu": "26 Jul 14:00"
      },
      {
        "no_urut": "47",
        "no_daftar": "486100480137471",
        "nama": "MUHAMMAD RAIHAN",
        "pilihan": "1",
        "nilai_akhir": "78.56",
        "usia": "15 th 10 bl 25 hr",
        "tanggal_ujian": "25 Ju"
      },
      {
        "no_urut": "48",
        "no_daftar": "486100480191091",
        "nama": "M. NAZRIEL RAHMAN",
        "pilihan": "1",
        "nilai_akhir": "78.40",
        "usia": "15 th 1 bl 12 hr",
        "tanggal_ujian": "25 Ju"
      },
      {
        "no_urut": "49",
        "no_daftar": "486100480275431",
        "nama": "M.ZULPI SAPUTRA",
        "pilihan": "1",
        "nilai_akhir": "78.16",
        "usia": "18 th 23 hr",
        "tanggal_ujian": "26 Ju"
      },
      {
        "no_urut": "50",
        "no_daftar": "486100480290312",
        "nama": "SYARIFAH AISYAH INDIRAHAYU",
        "pilihan": "1",
        "nilai_akhir": "78.09",
        "usia": "15 th 10 bl 15 hr",
        "tanggal_ujian": "26 Ju"
      },
      {
        "no_urut": "51",
        "no_daftar": "486100480284541",
        "nama": "MUHAMMAD FACHRI",
        "pilihan": "1",
        "nilai_akhir": "78.07",
        "usia": "17 th 7 bl 21 hr",
        "tanggal_ujian": "26 Ju"
      },
      {
        "no_urut": "52",
        "no_daftar": "486100480202391",
        "nama": "VISTO NURULLAH",
        "pilihan": "1",
        "nilai_akhir": "78.06",
        "usia": "16 th 11 bl 2 hr",
        "tanggal_ujian": "25 Ju"
      },
      {
        "no_urut": "53",
        "no_daftar": "486100480173013",
        "nama": "M.RIZKY RAMADHANI",
        "pilihan": "1",
        "nilai_akhir": "78.01",
        "usia": "14 th 9 bl 24 hr",
        "tanggal_ujian": "25 Ju"
      },
      {
        "no_urut": "54",
        "no_daftar": "486100480295051",
        "nama": "RIZKY ADITYA MUFID",
        "pilihan": "1",
        "nilai_akhir": "77.95",
        "usia": "15 th 8 bl 30 hr",
        "tanggal_ujian": "26 Ju"
      },
      {
        "no_urut": "55",
        "no_daftar": "486100480284411",
        "nama": "ADIKA PUTRA",
        "pilihan": "1",
        "nilai_akhir": "77.92",
        "usia": "16 th 3 bl 26. hr",
        "tanggal_ujian": "26 Ju"
      },
      {
        "no_urut": "56",
        "no_daftar": "486100480300591",
        "nama": "RAFLY PUTRA PRATAMA",
        "pilihan": "1",
        "nilai_akhir": "77.71",
        "usia": "15 th 9 bl 28 hr",
        "tanggal_ujian": "26 Ju"
      },
      {
        "no_urut": "57",
        "no_daftar": "486100480201671",
        "nama": "HAFI MADANI",
        "pilihan": "1",
        "nilai_akhir": "77.60",
        "usia": "15 th 6 bl 21 hr",
        "tanggal_ujian": "25 Ju"
      },
      {
        "no_urut": "58",
        "no_daftar": "486100480244391",
        "nama": "MUHAMMAD NUR RIZKY",
        "pilihan": "1",
        "nilai_akhir": "77.06",
        "usia": "15 th 8 bl 22 hr",
        "tanggal_ujian": "26 Ju"
      },
      {
        "no_urut": "59",
        "no_daftar": "486100480257081",
        "nama": "HASAN BAIHAQI",
        "pilihan": "1",
        "nilai_akhir": "73.46",
        "usia": "17 th 5 bl 4 hr",
        "tanggal_ujian": "26 Ju"
      }
    ]
  }
}