{
  "fields": {
    "province": "KALIMANTAN SELATAN",
    "school": {
      "name": "SMK NEGERI 5 BANJARMASIN",
      "code": "30304286"
    },
    "program": "Teknik Pengelasan dan Fabrikasi Logam",
    "status": "Sementara",
    "selection_date": "24-26 Jun 2024",
    "candidates": [
      {
        "no_urut": "1",
        "no_daftar": "486100480052911",
        "name": "AHMAD NUR RIJAL",
        "pilihan": "1",
        "nilai_akhir": "87.19",
        "usia": "15 th 5 bl 21",
        "waktu_seleksi": "24 Jun 11:02"
      },
      {
        "no_urut": "2",
        "no_daftar": "486100480254801",
        "name": "MUHAMMAD FADIL HAPIZ",
        "pilihan": "1",
        "nilai_akhir": "86.06",
        "usia": "16 th 10 bl 29 hr",
        "waktu_seleksi": "26 Jun 09:51"
      },
      {
        "no_urut": "3",
        "no_daftar": "486100480212251",
        "name": "MUHAMMAD RIZKI",
        "pilihan": "1",
        "nilai_akhir": "85.48",
        "usia": "15 th 7 bl 17 hr",
        "waktu_seleksi": "25 Jun 12:37"
      },
      {
        "no_urut": "4",
        "no_daftar": "486100480042691",
        "name": "HAFIZ ANSYARI",
        "pilihan": "1",
        "nilai_akhir": "85.45",
        "usia": "15 th 9 bl 25 hr",
        "waktu_seleksi": "24 Jun 09:57"
      },
      {
        "no_urut": "5",
        "no_daftar": "486100480296103",
        "name": "KRISNA ADI PRAKOSO",
        "pilihan": "1",
        "nilai_akhir": "84.27",
        "usia": "15 th 8 bl 3 hr",
        "waktu_seleksi": "26 Jun 14:26"
      },
      {
        "no_urut": "6",
        "no_daftar": "486100480239941",
        "name": "MUHAMMAD RIYAN",
        "pilihan": "1",
        "nilai_akhir": "83.74",
        "usia": "15 th 9 bl 15 hr",
        "waktu_seleksi": "26 Jun 08:20"
      },
      {
        "no_urut": "7",
        "no_daftar": "486100480290051",
        "name": "TEGAR PRASETYA",
        "pilihan": "1",
        "nilai_akhir": "83.34",
        "usia": "16 th 2 bl 20 hr",
        "waktu_seleksi": "26 Jun 13:16"
      },
      {
        "no_urut": "8",
        "no_daftar": "486100480211721",
        "name": "MUHAMMAD IRGI",
        "pilihan": "1",
        "nilai_akhir": "83.16",
        "usia": "17 th 6 hr 25 Jun",
        "waktu_seleksi": "25 Jun 13:33"
      },
      {
        "no_urut": "9",
        "no_daftar": "486100480240251",
        "name": "MUHAMMAD ANDIKA RAHMAN",
        "pilihan": "1",
        "nilai_akhir": "83.13",
        "usia": "15 th 7 bl 16 hr",
        "waktu_seleksi": "26 Jun 08:26"
      },
      {
        "no_urut": "10",
        "no_daftar": "486100480281971",
        "name": "RAIHAN FADHIL AZKA WIRANTO",
        "pilihan": "1",
        "nilai_akhir": "82.54",
        "usia": "17 th 1 bl 25 hr",
        "waktu_seleksi": "26 Jun 11:40"
      },
      {
        "no_urut": "11",
        "no_daftar": "486100480288242",
        "nama": "MUHAMMAD YUNUS NUR WICAKSONO",
        "pilihan": "1",
        "nilai_akhir": "82.26",
        "usia": "15 th 10 bl 8",
        "online_man": "26 Ju 12:53"
      },
      {
        "no_urut": "23 12",
        "no_daftar": "486100480286611",
        "nama": "MUHAMMAD HAPIDI ISLAMI",
        "pilihan": "1",
        "nilai_akhir": "82.25",
        "usia": "15 th 2 bl 21",
        "online_man": "26 Ju 12:13"
      },
      {
        "no_urut": "13",
        "no_daftar": "486100480206641",
        "nama": "MUHAMMAD SHADIK",
        "pilihan": "1",
        "nilai_akhir": "81.97",
        "usia": "16 th 4 bl 19",
        "online_man": "25 Ju 12:42"
      },
      {
        "no_urut": "14",
        "no_daftar": "486100480285511",
        "nama": "MUHAMAD RAPI",
        "pilihan": "1",
        "nilai_akhir": "81.96",
        "usia": "15 th 10 bl 20",
        "online_man": "26 Ju 12:08"
      },
      {
        "no_urut": "15",
        "no_daftar": "486100480285162",
        "nama": "NAUFAL YOGA PRATAMA",
        "pilihan": "1",
        "nilai_akhir": "81.93",
        "usia": "14 th 8 bl 2",
        "online_man": "26 Ju 12:03"
      },
      {
        "no_urut": "16 16",
        "no_daftar": "486100480164471",
        "nama": "WISNU KHURNIAWAN",
        "pilihan": "1",
        "nilai_akhir": "81.90",
        "usia": "14 th 8 bl 10",
        "online_man": "25 Ju 10:10"
      },
      {
        "no_urut": "75 17",
        "no_daftar": "486100480159521",
        "nama": "MUHAMMAD TAUFIK",
        "pilihan": "1",
        "nilai_akhir": "81.88",
        "usia": "17 th 24 hr",
        "online_man": "25 Ju 09:59"
      },
      {
        "no_urut": "18",
        "no_daftar": "486100480285261",
        "nama": "NANDA REINALDI LAMBA",
        "pilihan": "1",
        "nilai_akhir": "81.87",
        "usia": "15 th 8 bl 18",
        "online_man": "26 Ju 13:05"
      },
      {
        "no_urut": "19",
        "no_daftar": "486100480189581",
        "nama": "MUHAMMAD FAUZAN",
        "pilihan": "1",
        "nilai_akhir": "81.76",
        "usia": "15 th 6 bl 5",
        "online_man": "25 Ju 11:22"
      },
      {
        "no_urut": "20",
        "no_daftar": "486100480287151",
        "nama": "ADRIAN MAULANA",
        "pilihan": "1",
        "nilai_akhir": "81.72",
        "usia": "15 th 6 bl 23",
        "online_man": "26 Ju 13:47"
      },
      {
        "no_urut": "21",
        "no_daftar": "486100480218421",
        "nama": "RAHMAT HARIYONO",
        "pilihan": "1",
        "nilai_akhir": "81.64",
        "usia": "15 th 25 hr",
        "online_man": "25 Ju 15:44"
      },
      {
        "no_urut": "22",
        "no_daftar": "486100480149641",
        "nama": "REPAN",
        "pilihan": "1",
        "nilai_akhir": "81.62",
        "usia": "17 th 9 bl 1",
        "online_man": "25 Ju 09:50"
      },
      {
        "no_urut": "23",
        "no_daftar": "486100480187092",
        "nama": "MUHAMMAD IQBAL FIRDAUS",
        "pilihan": "1",
        "nilai_akhir": "81.62",
        "usia": "16 th 3 bl 20",
        "online_man": "25 Ju 11:10"
      },
      {
        "no_urut": "24",
        "no_daftar": "486100480282551",
        "nama": "M. HAFIZ ARRAHIM",
        "pilihan": "1",
        "nilai_akhir": "81.50",
        "usia": "15 th 10 bl 8",
        "online_man": "26 Ju 11:58"
      },
      {
        "no_urut": "25",
        "no_daftar": "486100480218111",
        "nama": "MUHAMMAD CANDRA MAULANA",
        "pilihan": "1",
        "nilai_akhir": "81.42",
        "usia": "15 th 10 bl 1",
        "online_man": "25 Ju 15:44"
      }
    ]
  }
}